{"cameraMode":{"drawMode":0,"name":"Shaded","section":"Shading Mode"},"sceneLighting":true,"audioPlay":false,"sceneViewState":{"m_AlwaysRefresh":false,"showFog":true,"showSkybox":true,"showFlares":true,"showImageEffects":true,"showParticleSystems":true,"showVisualEffectGraphs":true,"m_FxEnabled":true},"in2DMode":false,"pivot":{"x":-2.2184367179870607,"y":-16.168655395507814,"z":-6.790088653564453},"rotation":{"x":0.280947744846344,"y":-0.057541657239198688,"z":0.016881654039025308,"w":0.9578464031219482},"size":21.048261642456056,"orthographic":false}